{"_step":0,"Accuracy":0.26262626262626265,"Overall Loss":0.47635602951049805,"Loss prediction":0.07393569499254227,"loss state":0.4024203419685364,"_timestamp":1.7474072138792489e+09,"_runtime":2.3381743,"_wandb":{"runtime":4}}